{
  "basic_vs_chain_of_thought": {
    "t": -16.266079195577923,
    "p": 1.3743742966907013e-44,
    "d": -1.7570706476023121
  },
  "basic_vs_explicit_split": {
    "t": -15.005124859963235,
    "p": 1.3410489448104171e-39,
    "d": -1.6087182449172794
  },
  "chain_of_thought_vs_explicit_split": {
    "t": 1.800922166053896,
    "p": 0.07258579285363634,
    "d": 0.19403288031445368
  },
  "gpt-4.1_vs_gpt-4o-mini": {
    "t": 2.2358643778243428,
    "p": 0.025994188490379818,
    "d": 0.23970982256627857
  },
  "anova_datasets": {
    "F": 6.351045424888407,
    "p": 1.2628095592585266e-06
  }
}